{
    "company_name": "Alphabet",
    "conversation": [
        {
            "question": "",
            "answer": ""
        },
        {
            "question": "What is scope 3 emission?",
            "answer": "Scope 3 emission refers to indirect carbon emissions from activities within a company or organization that contribute to their operational value chain. These emissions are calculated and managed in the context of assessing a company's carbon footprint."
        },
        {
            "question": "Give me the specific number of Greenhouse Gases (Scopes 1, 2, 3) (tCO2e) in 2023?",
            "answer": "In 2023, the total greenhouse gas (GHG) emissions were approximately 14.3 million tCO2e, which represented Scope 1 emissions of 79,400 tCO2e, Scope 2 emissions of 3.4 million tCO2e, and Scope 3 emissions of 10.8 million tCO2e."
        },
        {
            "question": "What percentage of critical systems hold ISO/IEC 27001 certification?",
            "answer": "The provided content discusses Google's operations related to ISO/IEC 27001 certifications, focusing on areas like energy management (ISO 50001) and environmental compliance (ISO 14001). However, it does not provide specific percentages for critical systems. Therefore, it is more accurate and honest to rely on internal assessments without making assumptions based solely on this content.\n\nAnswer: The provided content discusses Google's operations in areas related to ISO/IEC 27001 certifications, such as energy management (ISO 50001) and environmental compliance (ISO 14001). However, it does not provide specific percentages for critical systems. Therefore, it is more accurate and honest to rely on internal assessments without making assumptions based solely on this content."
        },
        {
            "question": "Average annual training hours per employee for DEI (Diversity, Equity & Inclusion) programs?",
            "answer": "The provided content does not include any explicit information relevant to determining the average annual training hours per employee for DEI (Diversity, Equity & Inclusion) programs. The content focuses on topics related to energy management systems, certifications, and peak utilization efficiency targets for Google data centers. Therefore, it is not possible to provide a response based solely on this context.\n\nAnswer: The provided content does not include any information relevant to determining training hours for DEI programs."
        },
        {
            "question": "Number of concluded ethics violation investigations in the past fiscal year?",
            "answer": "The content does not provide any information related to ethics violation investigations in the past fiscal year. Therefore, it is not relevant to reply to the input prompt.\n\nI do not have the specific number of ethics violation investigations reported in the past fiscal year from this context. I would need additional information or context to determine that number accurately.\n\nIf you could provide more details or clarify what you're referring to, I'd be happy to help further!"
        },
        {
            "question": "Has the company set a verified net-zero target year (e.g., 2040 vs 2050)?",
            "answer": "Yes, the content is relevant as it details the company's efforts in setting a net-zero target starting from 2021, focusing on reducing Scope-based emissions and implementing carbon removal solutions. The company continues to address future uncertainties, particularly regarding AI's impact on emissions, by integrating AI into their products and preparing for global energy trends."
        },
        {
            "question": "Average NPS (Net Promoter Score) from core product users in 2023?",
            "answer": "The content provided does not contain any information related to average NPS (Net Promoter Score) from core product users in 2023. Therefore, it is not relevant for answering the input prompt about average NPS scores."
        },
        {
            "question": "Percentage of facilities with certified OHSAS 45001/ISO 45001 systems?",
            "answer": "Google has multiple ISO certifications (ISO 50001: Energy management, ISO 14001: Environmental management, ISO 14001: Climate Neutral Data Centre Pact) that support its sustainability efforts. While the specific percentage of facilities with certified OHSAS 45001 systems is not directly mentioned in the content, factors like technology, environmental practices, and regulatory compliance influence certification rates across all sectors."
        },
        {
            "question": "Proportion of recycled/pre-consumer materials in primary product lines (%)?",
            "answer": "The content provides examples of specific products using recycled materials and mentions changes in product mix affecting percentages. It also outlines a sustainability goal aimed at achieving at least 50% recycling across all hardware products by 2025."
        },
        {
            "question": "Number of suppliers terminated for ESG non-compliance in 2023?",
            "answer": "The content focuses on decarbonization initiatives aimed at meeting ESG criteria through various programs and projects. While specific terminations are not provided, the focus is on supplier engagement in decarbonization efforts."
        },
        {
            "question": "Average content takedown response time for policy violations (hours)?",
            "answer": "The provided content discusses environmental metrics and emissions from Alphabet Inc.'s data centers, which are unrelated to policy violations or takedowns. Therefore, I cannot provide an average takedown response time for policy violations.\n\nI would ask for more information about the policies in question and how they impact content takedown times to help answer the user's query accurately."
        },
        {
            "question": "Average content takedown response time for policy violations (hours)?",
            "answer": "The provided content discusses environmental metrics and policies but does not address policy violations or their handling. Thus, it is not relevant to the input prompt.\n\nI do not have the specific data required to answer the question about average takedown response time for policy violations."
        }
    ]
}