{
    "company_name": "Microsoft",
    "conversation": [
        {
            "question": "",
            "answer": ""
        },
        {
            "question": "What is scope 3 emission?",
            "answer": "Scope 3 emission refers to management criteria values used to track indirect emissions from upstream activities, such as hydropower, nuclear power plants, and other renewable energy sources. Microsoft aims to reduce these emissions by decarbonizing industrial processes like steel production for campus and data center construction."
        },
        {
            "question": "Give me the specific number of Greenhouse Gases (Scopes 1, 2, 3) (tCO2e) in 2023?",
            "answer": "The content does not provide specific numbers for Scopes 1, 2, or 3 in 2023, but it highlights that Scopes 1 and 2 have reduced emissions compared to the baseline. The focus is on Addressing Scope 3's carbon footprint."
        },
        {
            "question": "What percentage of critical systems hold ISO/IEC 27001 certification?",
            "answer": "The percentage of critical systems holding ISO/IEC 27001 certification depends on several factors, including the organization's risk assessment criteria and the specific systems evaluated. Critical systems are typically defined as those essential to a company's operations, such as mainframe computers or enterprise software.\n\nISO/IEC 27001 is a standard for managing information security management systems (ISMS). Its certification process involves evaluating systems based on requirements like risk assessment, control reviews, and documentation. Without specific data or context about the systems in question, it's challenging to provide an exact percentage.\n\nHowever, organizations often use ISO/IEC 27001 guidelines to assess critical systems. This can be done internally through company-wide processes or by consulting industry reports and case studies that outline common practices for applying such standards.\n\nIn conclusion, while the exact percentage isn't determinable without specific data, internal processes and industry references are valuable tools for managing ISO/IEC 27001 certification across critical systems."
        },
        {
            "question": "Average annual training hours per employee for DEI (Diversity, Equity & Inclusion) programs?",
            "answer": "The content provides valuable insights into DEI programs, including 200 professionals mentored over 8 years, with a focus on employee engagement and leadership development. This highlights the training hours dedicated to fostering diversity, equity, and inclusion, emphasizing initiatives like green coaches that promote sustainability and skill development for employees."
        },
        {
            "question": "Number of concluded ethics violation investigations in the past fiscal year?",
            "answer": "Based on the provided content, there is no relevant information indicating the number of concluded ethics violation investigations in the past fiscal year. The content focuses on waste diversion and pilot project evaluation rather than ethical issues.\n\nI don't have sufficient knowledge to provide an answer based on the given input prompt."
        },
        {
            "question": "Has the company set a verified net-zero target year (e.g., 2040 vs 2050)?",
            "answer": "The company's context does not provide any evidence of a verified net-zero target in 2040 or 2050. Instead, it highlights efforts to reduce direct emissions progressively over time, focusing on reductions in Scope 1 and 2 emissions by 6% from the 2020 base year, driven by actions aimed at increasing energy efficiency and reaching 100% renewable energy by 2025.\n\n**Answer:** The content does not provide information about setting a verified net-zero target for either 2040 or 2050. It focuses on reducing emissions over multiple years and achieving certain metrics related to carbon removal and energy efficiency."
        },
        {
            "question": "Average NPS (Net Promoter Score) from core product users in 2023?",
            "answer": "The information provided does not include specific data on the Net Promoter Score (NPS) ratings for core product users from 2023 in this context. NPS scores typically measure customer satisfaction and loyalty on a scale of 1 to 9, where 1 indicates low confidence and 9 indicates high confidence. The context provided focuses on Microsoft's sustainability efforts, including projects related to carbon removal, data centers, and green technology initiatives.\n\nWithout direct data on individual user ratings or surveys for NPS scores in this specific context, it is not possible to provide an accurate average of the core product users' NPS ratings for 2023. However, if there are broader discussions about customer satisfaction metrics related to sustainability efforts, these could potentially be relevant but would not directly tie to NPS scoring.\n\nIn conclusion, the information provided does not include specific data on core product users' NPS ratings for 2023 in this context."
        },
        {
            "question": "Percentage of facilities with certified OHSAS 45001/ISO 45001 systems?",
            "answer": "The provided context does not contain relevant information to assess whether Microsoft's facilities have certified OHSAS 45001/ISO 45001 systems. The content focuses on operational processes and environmental metrics but lacks direct data on system certification.\n\n**Answer:**\n\nThe context does not provide any specific information about the percentage of facilities with certified OHSAS 45001/ISO 45001 systems. Therefore, it is not relevant to reply to the input prompt."
        },
        {
            "question": "Proportion of recycled/pre-consumer materials in primary product lines (%)?",
            "answer": "The proportion of recycled/pre-consumer materials is 7.2%. To reduce single-use plastics, retool linear systems and infrastructure are required, which involves increasing circularity and reducing packaging weight by at least 10% from 2020 baseline. Additionally, cloud packaging strategies aim to enhance recycling efficiency across all product lines."
        },
        {
            "question": "Number of suppliers terminated for ESG non-compliance in 2023?",
            "answer": "The content provided does not directly address the number of suppliers terminated for ESG non-compliance in 2023. However, it highlights Microsoft's sustainability initiatives and achievements but does not provide specific information on supplier terminations or related issues."
        },
        {
            "question": "Average content takedown response time for policy violations (hours)?",
            "answer": "The provided context does not contain relevant information about average takedown response times for policy violations. Therefore, it cannot be used to provide an accurate response. Technical details on updates and maintenance can be accessed through Microsoft's documentation or support resources if interested in such aspects.\n\nAnswer: The content provided does not include any information related to average takedown response times for policy violations. Without relevant data, it is not possible to provide a specific number. Technical details on updates and maintenance can be found in Microsoft's documentation or supported resources."
        },
        {
            "question": "Average content takedown response time for policy violations (hours)?",
            "answer": "The content does not provide relevant information for discussing average content takedown response times for policy violations. If you have more details, feel free to share!"
        }
    ]
}