{
    "company_name": "Dell Technologies",
    "conversation": [
        {
            "question": "",
            "answer": ""
        },
        {
            "question": "What is scope 3 emission?",
            "answer": "Scope 3 emission refers to specific types of greenhouse gas (GHG) emissions that occur after the initial production or consumption of goods or services. These emissions are indirect and are tracked for environmental reporting. Scope 3 includes emissions from upstream and downstream sources within a company's value chain, such as natural gas use, diesel fuel for backup generators, propane in buildings, and other related activities. The content highlights that these emissions contribute significantly to global GHG reduction efforts, with Dell aiming to reduce scope 3 emissions by 50% by 2030."
        },
        {
            "question": "Give me the specific number of Greenhouse Gases (Scopes 1, 2, 3) (tCO2e) in 2023?",
            "answer": "Based on the content, we can see that greenhouse gas emissions (GHG) have been reduced over time across different scopes. For example:\n\n- Scope 1: Reduced by 26,700 MT CO2e from FY23 to FY24.\n- Scope 2: Reduced by 22.2% year-over-year between FY23 and FY24.\n- Scope 3: Reduced by 20.4% year-over-year between FY23 and FY24.\n\nThe tables also provide historical context, which can help us understand how emissions are trending over the years."
        },
        {
            "question": "What percentage of critical systems hold ISO/IEC 27001 certification?",
            "answer": "The context does not provide information on ISO/IEC 27001 certification. Therefore, I can only explain what this certification means regarding critical systems. ISO/IEC 27001 is a standard for information security management systems (ISMS), which helps organizations establish and manage their information security programs."
        },
        {
            "question": "Average annual training hours per employee for DEI (Diversity, Equity & Inclusion) programs?",
            "answer": "Based on the provided context, there is no explicit data or statistic available regarding average annual training hours per employee for DEI (Diversity, Equity & Inclusion) programs. The focus of the content is primarily on future-ready skills training and social and environmental training initiatives. Therefore, it's not possible to provide a precise answer without additional information about DEI's specific training metrics or employee numbers related to their training programs.\n\nAnswer: The context does not provide specific data on average annual training hours per employee for DEI programs."
        },
        {
            "question": "Number of concluded ethics violation investigations in the past fiscal year?",
            "answer": "Based on the provided content, there are no specific numerical statistics indicating the number of ethics violations investigated by Dell in its FY24 fiscal year. The document details efforts to enhance anti-corruption through various initiatives such as partner engagement and security training, but it does not provide quantitative data on investigations or outcomes related to ethical issues."
        },
        {
            "question": "Has the company set a verified net-zero target year (e.g., 2040 vs 2050)?",
            "answer": "Yes, the provided context is relevant to the input prompt as it discusses Dell's efforts towards setting a verified net-zero target year (2030 or 2040) and their commitment to climate action. The content highlights their progress in reducing GHG emissions, aligning strategies with initiatives like the Science Based Targets initiative, and emphasizing their focus on achieving these targets."
        },
        {
            "question": "Average NPS (Net Promoter Score) from core product users in 2023?",
            "answer": "The content discusses various aspects including how leadership scores are recognized and transparency efforts but does not provide specific numerical data on average NPS from core product users in 2023. It focuses more on the methodology and trends related to metrics like giving/volunteering, performance, and environmental impact. Therefore, while the content offers context, it lacks the required data for answering the prompt directly.\n\nAnswer: The content discusses how NPS is measured and tracked but does not provide specific data on average NPS from core product users in 2023."
        },
        {
            "question": "Percentage of facilities with certified OHSAS 45001/ISO 45001 systems?",
            "answer": "The provided content does not contain specific information about the percentage of facilities with certified OHSAS 45001/ISO 45001 systems. It discusses general aspects such as ISO and OHSAS certifications, supply chain processes, and related standards. Without detailed facility-level data or specific percentages, it's impossible to provide an accurate response to the input prompt."
        },
        {
            "question": "Proportion of recycled/pre-consumer materials in primary product lines (%)?",
            "answer": "Dell tracks the percentage of recycled materials in its product lines across fiscal years, with a focus on reducing carbon emissions. The context highlights Dell's goal to increase recycled content by 2030, reflecting efforts to promote circular economy practices."
        },
        {
            "question": "Number of suppliers terminated for ESG non-compliance in 2023?",
            "answer": "The content provided does not provide relevant information about supplier terminations for ESG non-compliance in 2023. Therefore, it is unclear whether any suppliers were terminated under such circumstances.\n\nI do not have sufficient knowledge to answer this question based on the given context."
        },
        {
            "question": "Average content takedown response time for policy violations (hours)?",
            "answer": "The context provided includes metrics related to corporate compliance and training, but it does not directly address takedown response times for policy violations. Therefore, the content is not relevant to the input prompt.\n\nSince there is no specific data provided in the context about average content takedown response time for policy violations, I will use my own knowledge to provide information on how organizations can estimate or calculate this metric based on industry standards or tools like Jira for tracking issues once they exceed limits."
        },
        {
            "question": "Average content takedown response time for policy violations (hours)?",
            "answer": "Based on the provided context, Dell Technologies appears to have improved compliance with policy violations related to employee working hours over time. The data shows that 83.1% of workers took at least one rest day each week in FY24 compared to 81.7% in FY23. This suggests a positive trend towards adherence to the policy, which could indicate shorter response times for issues reported after violations are identified.\n\nHowever, without specific data on average content takedown response times, we cannot provide an exact figure. The context focuses more on employee management and compliance systems rather than direct response time metrics."
        }
    ]
}