[
    {
        "company_name": "Tencent Holdings",
        "critiques": "Comparing MSCI and S&P Global ESG ratings for a company involves evaluating each system's focus and strengths:\n\n- **MSCI Ratings (Corporate Sustainability Practices):**\n  - * BB/BB (High Score) in Corporate Behavior*\n  - * BBB Overall Score* with average scores across several critical areas.\n  - Strong emphasis on environmental practices, particularly emissions and privacy data security.\n\n- **S&P Global Ratings:**\n  - S&P has the highest score at 59 and a strong focus on cybersecurity as its main area.\n    - Cybersecurity and System Availability: 75\n    - Climate Strategy: 70\n  - Human Rights and Business Ethics contribute to their higher rankings, though areas showing room for improvement include social responsibility.\n\nConclusion:\n\nBoth systems offer distinct priorities. MSCI excels in corporate sustainability practices with a balanced approach, while S&P Global emphasizes cybersecurity as its main focus. The choice between the two depends on the company's specific needs\u2014whether it prioritizes corporate social responsibility, environmental practices beyond emissions, or cybersecurity. Ultimately, neither system will out weigh the other unless one aligns closely with the company's core business objectives."
    },
    {
        "company_name": "Meta Platforms",
        "critiques": "When comparing the ESG (Environmental, Social, Governance) ratings of the company across two rating services\u2014MSCI and S&P Global\u2014we observe distinct patterns:\n\n1. **MSCI Rating**: The company scores an \"B\" on this service, indicating strong performance in its specific areas such as corporate governance and environmental policy, with other factors averaging out to a more balanced score.\n\n2. **S&P Global Rating**: While also showing significant strength across various aspects, the overall rating is a higher 32%. This suggests that while there are sectors where the company excels (like technology), environmental performance remains strong. The S&P's focus on broader industry trends supports the overall score of an 32%.\n\n3. **Insights and Considerations**: Both services emphasize diversity in their ratings, though MSCI provides a more focused view on corporate sustainability and governance. In contrast, S&P Global considers a broader range of sectors, including technology.\n\nIn conclusion, the company excels across multiple sectors on both platforms but benefits most from S&P's comprehensive performance. While MSCI highlights specific strengths, its focus might lean slightly toward management and corporate practices."
    },
    {
        "company_name": "Apple",
        "critiques": "It\u2019s important to approach ESG ratings with sensitivity and context when comparing multiple systems like the MSCI and S&P Global. Here\u2019s a structured comparison based on your provided data:\n\n1. **MSCI (MSCIRating):**\n   - **Score:** BBB\n   - **Indications:**\n     - The company isn't performing well in ESG areas.\n     - Supply chain standards are not applicable, human capital management is average, and privacy data security is average.\n     - Wastes and pollution rates were slightly down but still acceptable. Environmental opportunities vary based on emerging trends.\n\n2. **S&P Global (SPGlobalRating):**\n   - **Score: 44, Industry Max: 96**\n   - **Indications:**\n     - The company is performing better in most areas than the industry average of 44 with a maximum of 96.\n     - Water use decreased by 75% from last year due to recent trends in resource consumption and water conservation efforts.\n     - Human capital management was slightly above average but still considered acceptable.\n     - The company demonstrates strong ethical practices aligned with environmental responsibility.\n\n**Insights:**\n- While the S&P Global score suggests a slightly better position across various ESG dimensions, local trends and industry specifics can shift perceptions.\n- The MSCI's BBB rating indicates potential inefficiencies or recent changes in standards, which might affect sustainability strategies implemented by the company.\n- Balancing both scores provides a balanced view of the company\u2019s ESG performance, considering both general practices (S&P) and more localized improvements (MSCI)."
    },
    {
        "company_name": "Microsoft",
        "critiques": "Comparing the ESG ratings for Microsoft against two different rating systems\u2014MSCI and S&P Global\u2014we can see there is a notable discrepancy in each system.\n\n### MSCI Rating:\n- **MSCIratings**: The Microsoft ESG ratings, as shown on the MSCI website, focus particularly on Human_Capital_Development with an average score of 32. This rating indicates that Microsoft's human capital development rate (HCDR) is lagging behind, suggesting room for improvement in their ESG efforts.\n\n### S&P Global Rating:\n- **S&P ratings**: On the other hand, the S&P Global website provides a broader perspective with Total Score 53 and specific Subsystems such as Information_Security_Cybersecurity subsystem (Score of 73) and Business_Etics (Score of 50). This system highlights a more balanced view of Microsoft\u2019s ESG metrics, particularly in information security and business ethics, where they perform relatively better.\n\n### Conclusion:\nThe MSCI rating for Microsoft shows weaker human capital development rates, while the S&P Global rating provides a more comprehensive view that includes positive scores across several sectors. This difference suggests some divergence between the two systems in evaluating Microsoft\u2019s ESG performance."
    },
    {
        "company_name": "Dell Technologies",
        "critiques": "To assess the company's ESG ratings across MSCI Risks Code II Link ID \u2161 and S&P Global Rating, we analyze key metrics:\n\n1. **MSCI Risks Code II Link**: The \"lead\" rating in Corporate_Behavior suggests the company may outperform general industry or reference institutions elsewhere.\n\n2. **S&P Global Risk_Score and E_score**: With an E score of 51 in Climate Strategy and a lower Human_Capital_Management_score (24), it indicates strong performance across environmental metrics but less prominence in human-capital focus areas such as corporate governance.\n\n3. **Interpretation Context**:\n   - **Overall Industry Performance**: The company leads in MSCI but faces challenges with S&P's human capital management.\n   - **Climate Strategy Focus**: Significant progress, aligning with higher global scores.\n   - **Company-wide Scope**: While strong in one area, it may need addressing other ESG factors.\n\n4. **Implications for Investors**:\n   - High human-capital management score suggests potential oversight or lack of diversity issues.\n   - Environmental and climate performance stands out, reflecting strategic goals.\n\nIn conclusion, the company excels in environmental metrics across multiple systems while facing notable challenges in human capital management, influencing investor expectations."
    },
    {
        "company_name": "Cisco Systems",
        "critiques": "To compare the ESG ratings of an organization across MSCI and S&P Global systems:\n\n1. **MSCI Rating**: The company scores at 'AA' overall in the MSCI system, indicating a relatively strong commitment to environmental, social, and governance performance.\n\n2. **SP Global Rating (Information Security)**: Based on the S&P Global data provided for 2023, the organization scored an 8/10 on Information Security, which is significantly higher than the MSCI's AA rating. This suggests that while MSCI sees overall strength in these areas, S&P Global emphasizes superior ratings in specific sectors such as Information Security.\n\n---\n\nThe key insights are:\n- **Overall Performance vs. Sector-Specific Strongness**: MSCI reflects a broad, encompassing view of performance (AA), whereas the S&P Global provides more granular data across critical ESG aspects (e.g., Information Security) with scores ranging from 1 to 8.\n- **Significant Difference in Rating Levels**: The AA rating from MSCI is notably higher than the SP Global's specific score for Information Security, indicating that MSCI sees both overall strengths and areas needing improvement, while S&P Global highlights specific strengths like Information Security."
    },
    {
        "company_name": "Alphabet",
        "critiques": "To evaluate ESG ratings across the MSCI and S&P Global systems:\n\n1. **sciencing MSCI**: The ratings are balanced with a BBB rating for industrial average, indicating moderate economic trends without strong focus on sustainability or human rights.\n\n2. ** sciencing S&P Global**: Their 47 scores suggest a favorable environment within an industry average range. Strong indicators include environmental policies leading to 37 and human rights with a score of 71. However, these areas are within the industry average context.\n\n**Comparison Insights**:\n- **Environmental Focus**: While both systems recognize positive environmental outcomes (environment leading to 37), S&P places particular emphasis on human rights.\n- **Human Rights Indicator**: Human rights at 71 is significant, aligning with growing sustainability recognition.\n  \nIn conclusion, despite similar overall ratings, S&P Global tends to prioritize human rights over environmental strategies due to their broader context and modern emphasis, leading them a step ahead with stronger sustainability indicators."
    }
]